id,date,time,initials,temp,humidity,activity,mc_mass,n_drones,n_new_drones,n_worker_deaths,brood,workers_replaced,drones_removed,drones_frz,p_mass_rm,n_mass_rm,p_mass_fd,n_mass_fd,notes,treatment,fd.day
1.1,2018-11-13,21:37:00,GW,27.7,74,C,431.21,0,0,0,H,,,,NA,18.1,1.04,13.21,,zone.1,1
1.1,2018-11-16,16:40:00,GW,26.1,52,C,432.03,0,0,1,"E,H",1-Jan,,,NA,8.74,1.03,15.15,,zone.1,2
1.1,2018-11-20,19:01:00,GW,26.4,35,C,432.9,0,0,0,"E,H",,,,3.12,8.05,0.98,14,,zone.1,3
1.1,2018-11-25,14:33:00,GW,26.2,63,C,430.52,0,0,0,E,,,,NA,7.93,1.01,13.65,,zone.1,4
1.1,2018-11-28,20:18:00,GW,25.9,60,C,431.8,0,0,1,"E,P",1-Jan,,,NA,7.9,1.01,13.84,,zone.1,5
1.1,2018-12-01,13:30:00,JH,25.7,52,C,432.76,0,0,0,"E,P",,,,1.08,8.27,1.07,13.93,,zone.1,6
1.1,2018-12-06,13:40:00,JH,26.3,47,L,431.88,0,0,0,"E,P",,,,NA,6.75,1.06,14.63,,zone.1,7
1.1,2018-12-09,13:07:00,GW,25.7,55,C,433.1,1,1,0,"E,H,P",,1-Jan,Yes,NA,8.35,0.97,14.18,,zone.1,8
1.1,2018-12-12,18:41:00,GW,24.8,60,C,433.75,3,3,1,"E,H,P",1-Jan,3-Mar,Yes,1.8,8.1,1.04,14.08,,zone.1,9
1.1,2018-12-15,19:25:00,GW,25.3,47,C,432.76,2,2,1,"E,H,P",1-Jan,2-Feb,Yes,NA,8.52,0.97,13.46,,zone.1,10
1.1,2018-12-18,15:59:00,GW,24.5,58,C,434.11,0,0,1,"E,H,P",1-Jan,,,NA,8.57,1.03,13.68,,zone.1,11
1.1,2018-12-21,13:21:00,GW,24.2,67,C,434.94,2,2,1,"E,H,P",1-Jan,2-Feb,Yes,2.92,8.99,1,13.76,,zone.1,12
1.1,2018-12-26,10:00:00,JH,25.3,58,C,432.4,0,0,1,"E,H",1-Jan,,,NA,7.68,1.03,14.08,,zone.1,13
1.1,2018-12-30,17:25:00,GW,25.3,53,A,433.52,0,0,2,"E,H,P",2-Feb,,,NA,8.46,0.97,13.91,,zone.1,14
1.1,2019-01-03,14:51:00,GW,24,55,A,434.21,0,0,2,P,2-Feb,,,0.8,8.17,1,14.19,,zone.1,15
1.1,2019-01-06,15:01:00,GW,24.4,50,A,434.42,0,0,0,"H,P",,,,NA,7.2,0.96,13.72,,zone.1,16
1.1,2019-01-09,12:40:00,GW,24,51,"C,F",434.49,0,0,0,"E,P",,,,NA,8.18,1,13.59,,zone.1,17
1.2,2018-11-13,21:24:00,GW,27.6,74,C,440.36,0,0,0,H,0,,,NA,17.85,1.03,13.14,,zone.1,1
1.2,2018-11-16,16:52:00,GW,26.3,52,C,442.26,0,0,1,H,1-Jan,,,NA,8.34,1.07,15.15,,zone.1,2
1.2,2018-11-20,17:10:00,GW,26.6,40,"C,L",442.16,0,0,1,H,1-Jan,,,3.26,8.24,0.98,14.09,,zone.1,3
1.2,2018-11-25,14:37:00,GW,26.3,62,C,439.71,0,0,2,H,2-Feb,,,NA,7.95,1.04,14.06,,zone.1,4
1.2,2018-11-28,20:26:00,GW,26,61,,441.23,0,0,2,"E,H",2-Feb,,,NA,5.58,1.02,13.7,,zone.1,5
1.2,2018-12-01,13:30:00,JH,25.8,52,C,442.59,0,0,1,"E,H",1-Jan,,,2.37,8.67,1.03,14.63,,zone.1,6
1.2,2018-12-06,13:45:00,JH,26.3,47,L,439.12,0,0,5,?,5-May,,,NA,7.32,1.01,13.88,All 5 bees escaped!,zone.1,7
1.2,2018-12-09,13:15:00,GW,26,58,C,442.01,0,0,2,"E,H,P",2-Feb,,,NA,8.91,1.01,13.44,,zone.1,8
1.2,2018-12-12,18:54:00,GW,25,60,C,442.82,0,0,0,"H,P",?,,,1.78,7.55,1,13.78,,zone.1,9
1.2,2018-12-15,19:37:00,GW,25.3,49,,441.71,0,0,2,"H,P",2-Feb,,,NA,9.11,0.99,13.79,,zone.1,10
1.2,2018-12-18,16:05:00,GW,24.6,58,"A,F",442.27,2,2,1,"E,P",1-Jan,2-Feb,Yes,NA,8.27,1.13,14.07,,zone.1,11
1.2,2018-12-21,13:35:00,GW,24.3,60,"C,F",443.22,0,0,1,P,1-Jan,,,2.58,8.02,1.02,13.72,,zone.1,12
1.2,2018-12-26,10:05:00,JH,25.4,56,C,440.44,3,3,0,"E,H",?,3-Mar,Yes,NA,7.18,0.97,14.03,,zone.1,13
1.2,2018-12-30,17:34:00,GW,25.6,54,"L,F",441.19,5,5,1,(E?),1-Jan,5-May,Yes,NA,8.01,0.97,14.34,1 of the drones was dead,zone.1,14
1.2,2019-01-03,14:59:00,GW,24.2,58,"C,F",441.87,0,0,1,N,1-Jan,,,1.78,8.22,0.99,14.12,,zone.1,15
1.2,2019-01-06,15:05:00,GW,24.4,51,,441.2,0,0,0,H,?,,,NA,8.36,1.01,13.93,,zone.1,16
1.2,2019-01-09,12:44:00,GW,24.1,52,C,442.31,0,0,1,"E,H",1-Jan,,,NA,8.56,1.02,14.36,,zone.1,17
1.3,2018-11-13,21:31:00,GW,27.6,74,"C,L",432.81,0,0,0,H,,,,NA,18.36,0.96,13.51,,zone.1,1
1.3,2018-11-16,16:58:00,GW,26.4,55,C,433.69,0,0,0,H,,,,NA,8.85,1.04,14.59,,zone.1,2
1.3,2018-11-20,19:17:00,GW,26.7,42,C,434.39,0,0,0,H,,,,3.42,8.43,1.03,13.58,,zone.1,3
1.3,2018-11-25,14:43:00,GW,26.3,60,C,431.64,0,0,1,"E,H",1-Jan,,,NA,7.52,0.98,13.59,,zone.1,4
1.3,2018-11-28,20:32:00,GW,26.1,61,C,432.92,0,0,0,E,,,,NA,8.29,0.99,13.94,,zone.1,5
1.3,2018-12-01,13:30:00,JH,25.9,54,C,434.6,0,0,0,"E,H,P",,,,2.46,8.99,1.07,13.94,,zone.1,6
1.3,2018-12-06,13:50:00,JH,26.4,52,L,431.8,0,0,0,"E,H,P",,,,NA,7.25,1.03,14.46,,zone.1,7
1.3,2018-12-09,13:23:00,GW,26.4,62,C,433.65,0,0,1,"H,P",1-Jan,,,NA,8.66,1.01,13.91,,zone.1,8
1.3,2018-12-12,18:58:00,GW,25.1,60,C,434.68,0,0,1,"E,H,P",1-Jan,,,1.92,8.43,0.98,13.51,,zone.1,9
1.3,2018-12-15,19:45:00,GW,25.4,54,C,433.16,0,0,1,"E,H,(P?)",1-Jan,,,NA,8.25,1,13.46,,zone.1,10
1.3,2018-12-18,16:12:00,GW,24.9,60,C,434.27,0,0,0,"(E?),H,P",,,,NA,8.28,1.01,13.6,,zone.1,11
1.3,2018-12-21,13:45:00,GW,24.5,61,C,435.22,2,2,1,"E,H,P",1-Jan,2-Feb,Yes,2.75,8.48,1,13.89,,zone.1,12
1.3,2018-12-26,10:05:00,JH,25.5,58,C,432.77,0,0,0,"E,H,P",,,,NA,8.45,1.02,13.11,,zone.1,13
1.3,2018-12-30,17:47:00,GW,26.3,63,"C,F",433.64,2,2,3,(?),3-Mar,,,NA,10.2,0.99,14.06,Couldn't see brood because of tube in MC,zone.1,14
1.3,2019-01-03,15:05:00,GW,24.4,60,"C,F",434.45,0,0,1,N,1-Jan,,,2.58,7.65,1.03,13.91,,zone.1,15
1.3,2019-01-06,15:07:00,GW,24.5,51,F,433.32,2,2,1,N,1-Jan,2-Feb,Yes,NA,7.81,1,14.24,1 drone was dead,zone.1,16
1.3,2019-01-09,12:50:00,GW,24.3,54,"C,F",433.73,0,0,0,N,,,,NA,8.95,0.97,14.87,,zone.1,17
1.4,2018-11-13,21:28:00,GW,27.6,74,C,429.07,0,0,0,H,,,,NA,18.65,0.99,13.79,,zone.1,1
1.4,2018-11-16,17:05:00,GW,26.6,60,C,430.01,0,0,0,"E,H",,,,NA,9.4,1.02,15.22,,zone.1,2
1.4,2018-11-20,17:21:00,GW,26.8,45,A,431.48,0,0,1,"E,H",1-Jan,,,2.32,9.04,1.03,13.62,,zone.1,3
1.4,2018-11-25,14:48:00,GW,26.4,61,C,428.93,0,0,1,"E,P",1-Jan,,,NA,7.9,0.99,13.62,,zone.1,4
1.4,2018-11-28,20:35:00,GW,26.2,62,C,430.1,0,0,1,"E,H,P",1-Jan,,,NA,8.71,1.03,13.99,,zone.1,5
1.4,2018-12-01,13:30:00,JH,26,57,"A,C",431.62,0,0,1,"E,H,P",1-Jan,,,2.78,9.37,0.99,14.42,,zone.1,6
1.4,2018-12-06,13:55:00,JH,26.4,53,L,427.76,3,3,0,?,,3-Mar,?,NA,7.55,1.04,15.02,,zone.1,7
1.4,2018-12-09,13:29:00,GW,26.6,65,C,429.82,3,3,2,"E,H,P",2-Feb,3-Mar,Yes,NA,8.35,1.02,13.68,,zone.1,8
1.4,2018-12-12,19:05:00,GW,25.2,63,C,430.13,0,0,2,"E,H,P",2-Feb,,,1.72,8.49,0.97,13.7,,zone.1,9
1.4,2018-12-15,19:50:00,GW,25.5,58,?,428.99,0,0,0,"E,P",,,,NA,8.31,0.97,13.55,,zone.1,10
1.4,2018-12-18,16:16:00,GW,24.9,61,"C,F",429.96,0,0,0,"E,P",,,,NA,8.04,1.03,13.89,,zone.1,11
1.4,2018-12-21,13:53:00,GW,24.7,63,"C,F",430.86,0,0,0,"E,H,P",,,,2.15,8.27,1.03,14.12,,zone.1,12
1.4,2018-12-26,10:10:00,JH,25.6,59,"C,L",429.15,0,0,0,E,,,,NA,7.34,0.96,13.73,,zone.1,13
1.4,2018-12-30,17:56:00,GW,26.6,67,C,429.82,1,1,0,P,,,,NA,8.09,1.03,14.38,,zone.1,14
1.4,2019-01-03,15:12:00,GW,24.5,61,C,431.05,0,0,1,"E,H,P",1-Jan,,,2.69,8.63,1.02,14,,zone.1,15
1.4,2019-01-06,15:20:00,GW,24.9,58,C,429.51,0,0,0,"E,H",,,,NA,10.47,1.01,13.86,,zone.1,16
1.4,2019-01-09,12:53:00,GW,24.4,56,"C,L",430.14,1,1,1,"(E?),H",1-Jan,1-Jan,Yes,NA,12.24,1.04,15.68,,zone.1,17
1.5,2018-11-13,21:24:00,GW,27.6,73,L,424.06,0,0,1,"E,H",1-Jan,,,NA,18.11,0.97,13.41,,zone.1,1
1.5,2018-11-16,17:09:00,GW,26.7,63,C,424.78,0,0,0,E,,,,NA,8.6,1.11,15.16,,zone.1,2
1.5,2018-11-20,17:28:00,GW,26.9,51,C,425.67,0,0,2,"E,P",2-Feb,,,1.83,8.4,1.03,13.56,,zone.1,3
1.5,2018-11-25,14:51:00,GW,26.4,63,C,424.45,0,0,2,"E,P",2-Feb,,,NA,7.3,1.03,14.31,,zone.1,4
1.5,2018-11-28,20:38:00,GW,26.3,64,C,425.4,0,0,2,"E,P",2-Feb,,,NA,9.82,0.97,13.85,,zone.1,5
1.5,2018-12-01,13:30:00,JH,26.2,60,"A,C",426.12,0,0,1,"E,H,P",1-Jan,,,2.05,9.13,1,13.86,,zone.1,6
1.5,2018-12-06,14:00:00,JH,26.5,56,?,423.79,2,2,0,"E,H",,2-Feb,?,NA,7.17,1.06,14.51,,zone.1,7
1.5,2018-12-09,13:44:00,GW,26.8,70,C,425.69,1,1,1,"E,H,P",1-Jan,1-Jan,Yes,NA,7.81,1,13.15,,zone.1,8
1.5,2018-12-12,19:15:00,GW,25.3,64,?,435.91,0,0,0,"E,P",,,,1.98,8.07,1.02,13.87,,zone.1,9
1.5,2018-12-15,19:53:00,GW,25.6,59,"C,F",424.8,0,0,0,"E,P",,,,NA,8.22,1,13.6,,zone.1,10
1.5,2018-12-18,16:18:00,GW,25,61,"L,F",425.99,0,0,0,"E,H,P",,,,NA,8.07,0.97,14.2,,zone.1,11
1.5,2018-12-21,13:56:00,GW,24.8,63,C,426.98,0,0,2,"E,P",2-Feb,,,2.73,9.63,0.95,14.3,,zone.1,12
1.5,2018-12-26,10:10:00,JH,25.7,60,"C,L",424.58,0,0,0,?,,,,NA,7.7,1.07,13.89,,zone.1,13
1.5,2018-12-30,18:13:00,GW,26.5,65,"C,F",425.67,0,0,1,"E,P",1-Jan,,,NA,8.84,0.98,13.66,,zone.1,14
1.5,2019-01-03,15:18:00,GW,24.5,62,"C,F",426.69,0,0,1,"E,H,P",1-Jan,,,1.84,8.1,0.96,13.96,,zone.1,15
1.5,2019-01-06,15:24:00,GW,24.9,59,?,426.26,0,0,2,?,2-Feb,,,NA,8.95,0.97,14.43,,zone.1,16
1.5,2019-01-09,13:01:00,GW,24.5,61,"A,F",426.77,0,0,0,P,,,,NA,8.21,0.99,14.96,,zone.1,17
1.6,2018-11-13,21:21:00,GW,27.5,73,C,437.29,0,0,0,"E,H",,,,NA,16.91,0.99,14.42,,zone.1,1
1.6,2018-11-16,17:15:00,GW,26.8,65,C,438.71,0,0,1,"E,H",1-Jan,,,NA,9.28,1.01,13.73,,zone.1,2
1.6,2018-11-20,17:34:00,GW,27,56,C,439.17,0,0,0,"E,H",,,,1.63,6.89,0.98,14.15,,zone.1,3
1.6,2018-11-25,14:57:00,GW,26.5,65,C,437.1,0,0,1,"E,P",1-Jan,,,NA,7.48,0.99,14.13,,zone.1,4
1.6,2018-11-28,20:44:00,GW,26.4,65,C,438.57,0,0,0,"E,H,P",,,,NA,8.02,1.03,13.36,,zone.1,5
1.6,2018-12-01,13:30:00,JH,26.4,63,"A,C",439.98,1,1,1,"E,P",1-Jan,1-Jan,,1.88,8.14,1.02,13.68,,zone.1,6
1.6,2018-12-06,14:00:00,JH,26.5,59,"A,L",436.53,6,6,2,"E,H",2-Feb,6-Jun,,NA,6.39,1.03,14.63,,zone.1,7
1.6,2018-12-09,13:55:00,GW,26.9,70,C,438.6,1,1,2,"E,H",2-Feb,1-Jan,Yes,NA,8.95,1.04,13.33,,zone.1,8
1.6,2018-12-12,19:19:00,GW,25.4,65,C,440.21,1,1,2,"E,H,P",2-Feb,1-Jan,,1.97,8.29,0.98,13.61,,zone.1,9
1.6,2018-12-15,19:57:00,GW,25.6,60,C,439.38,0,0,3,"H,P",3-Mar,,,NA,10.01,1,13.78,,zone.1,10
1.6,2018-12-18,16:22:00,GW,25,62,A,439.29,0,0,3,"H,P",3-Mar,,,NA,10.44,1,13.81,,zone.1,11
1.6,2018-12-21,14:01:00,GW,24.8,63,"A,L,F",440.06,0,0,0,"E,H,P",,,,1.12,8.34,1.03,13.8,,zone.1,12
1.6,2018-12-26,10:10:00,JH,25.8,61,"C,L",438.54,1,1,2,"H,P",2-Feb,,,NA,8,1.05,13.38,,zone.1,13
1.6,2018-12-30,18:18:00,GW,26.5,65,C,439.32,3,3,4,"H,P",4-Apr,3-Mar,Yes,NA,9.17,1.02,14.01,,zone.1,14
1.6,2019-01-03,15:23:00,GW,24.6,63,"C,F",439.44,0,0,2,P,2-Feb,,,2.23,8.55,0.99,14.04,,zone.1,15
1.6,2019-01-06,15:28:00,GW,25,60,"A,C",438.45,0,0,1,"H,P",,,,NA,8.42,1.01,13.93,,zone.1,16
1.6,2019-01-09,13:04:00,GW,24.6,61,"A,C,F",439.42,0,0,0,"E,H",,,,NA,8.26,0.97,13.84,,zone.1,17
1.7,2018-11-13,21:18:00,GW,27.5,72,C,436.64,0,0,0,H,,,,NA,20.1,0.99,13.68,,zone.1,1
1.7,2018-11-16,17:20:00,GW,26.8,66,C,437.91,0,0,0,"E,H",,,,NA,10.25,1.03,15.58,,zone.1,2
1.7,2018-11-20,19:39:00,GW,27.1,60,C,439.13,0,0,0,"E,H",,,,3.01,10.27,0.96,14.89,,zone.1,3
1.7,2018-11-25,15:01:00,GW,26.5,66,C,437.32,0,0,0,"E,H",,,,NA,9.82,1.04,13.65,,zone.1,4
1.7,2018-11-28,20:48:00,GW,26.4,66,C,438.54,0,0,0,"E,H",,,,NA,10.24,0.99,13.9,,zone.1,5
1.7,2018-12-01,13:30:00,JH,26.5,67,C,439.48,0,0,0,"E,H",,,,2.59,11.25,1.04,13.33,,zone.1,6
1.7,2018-12-06,14:05:00,JH,26.6,61,C,437.53,0,0,0,"E,H",,,,NA,8.78,1.03,13.92,,zone.1,7
1.7,2018-12-09,14:07:00,GW,26.9,71,C,438.82,0,0,0,"E,H",,,,NA,11.86,1.02,13.98,,zone.1,8
1.7,2018-12-12,19:28:00,GW,25.5,66,C,439.58,0,0,0,"E,H,P",,,,2.89,12.2,0.97,14.41,,zone.1,9
1.7,2018-12-15,20:04:00,GW,25.7,61,C,437.62,0,0,1,"H,P",1-Jan,,,NA,13.14,1.02,13.67,,zone.1,10
1.7,2018-12-18,16:27:00,GW,25.1,62,C,438.63,0,0,0,H,,,,NA,11.38,1,14.12,,zone.1,11
1.7,2018-12-21,14:04:00,GW,24.8,63,C,439.43,0,0,0,H,,,,3.03,12.35,1.02,14.29,,zone.1,12
1.7,2018-12-26,10:15:00,JH,25.9,63,"C,L",437.35,0,0,1,H,1-Jan,,,NA,12.07,1.03,13.25,,zone.1,13
1.7,2018-12-30,18:31:00,GW,26.6,66,L,438.02,0,0,2,H,2-Feb,,,NA,12.05,0.97,14.16,,zone.1,14
1.7,2019-01-03,15:31:00,GW,24.7,63,C,439,0,0,2,H,2-Feb,,,2.91,11.21,0.99,14.36,,zone.1,15
1.7,2019-01-06,15:32:00,GW,25,60,A,437.5,0,0,1,H,1-Jan,,,NA,10.58,1.01,14.03,,zone.1,16
1.7,2019-01-09,13:06:00,GW,24.6,61,C,438.45,0,0,0,H,,,,NA,9.45,1.01,14.75,,zone.1,17
2.1,2018-11-13,21:13:00,GW,27.5,72,C,422.56,0,0,2,N,2-Feb,,,NA,20.66,2.04,17.06,,zone.2,1
2.1,2018-11-16,17:25:00,GW,26.9,66,C,424.51,0,0,1,E,1-Jan,,,NA,12.52,1.96,19.1,,zone.2,2
2.1,2018-11-20,19:43:00,GW,27.2,61,C,426.02,0,0,3,P,3-Mar,,,2.98,14.83,2.04,17.65,,zone.2,3
2.1,2018-11-25,15:04:00,GW,26.6,66,C,425.41,0,0,2,E,2-Feb,,,NA,11.46,2.01,17.53,,zone.2,4
2.1,2018-11-28,20:52:00,GW,26.5,66,C,427.57,0,0,1,"E,H",1-Jan,,,NA,12.54,2.03,17.74,,zone.2,5
2.1,2018-12-01,13:30:00,JH,26.7,68,A,430.18,0,0,0,"E,H",,,,5.76,12.38,2.09,18.62,,zone.2,6
2.1,2018-12-06,14:05:00,JH,26.6,62,A,425.55,0,0,0,"E,H,P",,,,NA,8.36,1.95,20.29,,zone.2,7
2.1,2018-12-09,14:17:00,GW,26.9,70,A,427.82,0,0,1,"E,H,P",1-Jan,,,NA,13.67,2.01,17.54,,zone.2,8
2.1,2018-12-12,19:32:00,GW,25.5,66,A,429.65,0,0,0,"E,H,P",,1-Jan,Yes,5.52,10.91,1.99,17.37,,zone.2,9
2.1,2018-12-15,20:08:00,GW,25.7,61,"C,F",426.01,0,0,1,"E,H,P",1-Jan,3-Mar,Yes,NA,11.49,2.04,17.51,,zone.2,10
2.1,2018-12-18,16:31:00,GW,25.1,61,"A,C",429.09,1,1,0,"E,H,P",,,,NA,11.59,1.97,17.96,,zone.2,11
2.1,2018-12-21,14:07:00,GW,24.9,64,"A,F",431.37,3,3,1,"E,H,P",1-Jan,,,6.71,11.22,2,17.49,,zone.2,12
2.1,2018-12-26,10:15:00,JH,26,65,C,425.99,0,0,2,"E,H,P",2-Feb,,,NA,9.96,2.03,18.51,,zone.2,13
2.1,2018-12-30,18:36:00,GW,26.6,66,A,427.52,0,0,0,"H,P",,,,NA,10.88,2.02,18.34,,zone.2,14
2.1,2019-01-03,15:38:00,GW,24.8,64,"C,F",429.23,0,0,1,"E,H,P",1-Jan,,,3.43,10.69,2,18.53,,zone.2,15
2.1,2019-01-06,15:36:00,GW,25.1,60,"C,L",428.17,1,1,0,"H,P",,1-Jan,Yes,NA,11.99,1.98,17.41,,zone.2,16
2.1,2019-01-09,13:09:00,GW,24.7,62,A,429.54,3,3,1,"E,H,P",3-Mar,3-Mar,Yes,NA,11.3,2.02,18.17,,zone.2,17
2.2,2018-11-13,21:11:00,GW,27.5,72,C,425.21,0,0,0,"E,H",,,,NA,17.6,1.96,17.44,,zone.2,1
2.2,2018-11-16,17:33:00,GW,27,67,C,427.29,0,0,0,"E,H",,,,NA,11.39,1.97,19.43,,zone.2,2
2.2,2018-11-20,19:51:00,GW,27.2,62,C,429.19,0,0,1,"E,H",1-Jan,,,4.19,11.73,2.03,17.67,,zone.2,3
2.2,2018-11-25,15:08:00,GW,26.6,66,C,426.7,0,0,2,"E,H,P",2-Feb,,,NA,9.73,2.03,17.13,,zone.2,4
2.2,2018-11-28,20:57:00,GW,26.5,66,C,429.99,2,2,0,"E,H,P",,2-Feb,Yes,NA,8.9,1.97,16.48,,zone.2,5
2.2,2018-12-01,13:30:00,JH,26.7,69,C,432.02,0,0,0,"E,H,P",,,,4.07,9.07,2.03,18.68,,zone.2,6
2.2,2018-12-06,14:10:00,JH,26.7,63,"A,C",426.83,1,1,0,"E,H,P",,1-Jan,Yes,NA,8.35,1.96,19.21,,zone.2,7
2.2,2018-12-09,14:20:00,GW,26.9,70,C,430.02,0,0,0,"E,H,P",,,,NA,10.36,2.03,17.76,,zone.2,8
2.2,2018-12-12,19:37:00,GW,25.6,66,"A,C",431.53,0,0,1,"E,H,P",1-Jan,,,3.36,11.27,2,17.52,,zone.2,9
2.2,2018-12-15,20:16:00,GW,25.7,63,C,429.63,5,5,2,"E,H,P",2-Feb,5-May,Yes,NA,11.15,2.01,18.13,,zone.2,10
2.2,2018-12-18,16:35:00,GW,25.1,60,A,430.97,4,4,0,"E,H,P",,4-Apr,Yes,NA,12.72,2,17.01,,zone.2,11
2.2,2018-12-21,14:13:00,GW,24.9,64,C,432.09,3,2,1,"E,H,P",1-Jan,3-Mar,Yes,5.6,13.1,1.98,17.52,,zone.2,12
2.2,2018-12-26,10:20:00,JH,26.1,67,L,427.39,1,1,5,"E,H",5-May,,,NA,15.37,2.01,18.32,,zone.2,13
2.2,2018-12-30,18:39:00,GW,26.6,67,"A,C",430.4,0,0,1,"H,P",1-Jan,,,NA,8.6,1.96,17.37,,zone.2,14
2.2,2019-01-03,15:45:00,GW,24.8,65,C,432.04,0,0,2,"E,H,P",2-Feb,,,1.74,9.31,1.97,27.66,,zone.2,15
2.2,2019-01-06,15:42:00,GW,25.2,60,C,432.7,0,0,2,"E,H",2-Feb,,,NA,9.77,1.96,17.42,,zone.2,16
2.2,2019-01-09,13:18:00,GW,24.8,62,C,433.74,0,0,2,"E,H",2-Feb,,,NA,13.13,2.01,18.06,,zone.2,17
2.3,2018-11-13,21:08:00,GW,27.4,73,"C,F",428.97,0,0,0,"E,H",,,,NA,17.45,1.98,17.3,,zone.2,1
2.3,2018-11-16,17:39:00,GW,27,68,C,431.36,0,0,0,"E,H",,,,NA,11.21,1.99,19.98,,zone.2,2
2.3,2018-11-20,17:56:00,GW,27.2,62,A,432.59,0,0,1,"E,H",1-Jan,,,4.34,14.09,1.99,17.49,,zone.2,3
2.3,2018-11-25,15:14:00,GW,26.6,67,C,430.57,0,0,3,"E,H,P",3-Mar,,,NA,12.31,2.04,17.39,,zone.2,4
2.3,2018-11-28,21:15:00,GW,26.6,68,C,432.98,0,0,1,"E,H,P",1-Jan,,,NA,11.47,2.02,17.75,,zone.2,5
2.3,2018-12-01,13:30:00,JH,26.7,70,"A,C",435.48,1,1,0,"E,H,P",,1-Jan,Yes,5.55,12.45,1.97,18.33,,zone.2,6
2.3,2018-12-06,14:10:00,JH,26.7,64,"A,C,L",430.35,3,3,0,?,3-Mar,,,NA,8.45,1.99,18.89,,zone.2,7
2.3,2018-12-09,14:25:00,GW,26.9,69,C,433.45,0,0,0,"E,H",,,,NA,11.98,1.96,17.04,,zone.2,8
2.3,2018-12-12,19:43:00,GW,25.6,67,C,435.31,0,0,0,"E,H",,,,5.33,10.76,2.04,17.05,,zone.2,9
2.3,2018-12-15,20:26:00,GW,25.8,64,C,431.9,0,0,0,"E,H",,,,NA,11.8,2.02,17.17,,zone.2,10
2.3,2018-12-18,16:45:00,GW,25.2,61,A,433.66,0,0,2,"E,H",2-Feb,,,NA,13.46,2.03,17.4,,zone.2,11
2.3,2018-12-21,14:21:00,GW,25,64,"A,F",435.81,1,1,0,"E,H,P",,1-Jan,Yes,5.12,11.49,1.96,17.17,,zone.2,12
2.3,2018-12-26,10:25:00,JH,26.2,68,A,431.56,0,0,0,"E,H,P",,,,NA,7.87,2.04,18.98,,zone.2,13
2.3,2018-12-30,18:45:00,GW,26.7,67,C,433.66,0,0,0,"E,H,P",,,,NA,9.73,2.03,17.51,,zone.2,14
2.3,2019-01-03,15:51:00,GW,24.8,65,C,434.94,1,1,0,"E,H,P",,1-Jan,Yes,3.88,10.64,2.04,17.95,,zone.2,15
2.3,2019-01-06,15:49:00,GW,25.2,60,C,434.07,4,4,0,"E,H,P",,4-Apr,Yes,NA,11.14,2,17.99,,zone.2,16
2.3,2019-01-09,13:22:00,GW,24.8,62,C,434.8,0,0,0,"E,H,P",,,,NA,15.27,1.98,18.15,,zone.2,17
2.4,2018-11-13,21:05:00,GW,27.4,73,C,426.17,0,0,0,"E,H",,,,NA,18.62,2.01,17.51,,zone.2,1
2.4,2018-11-16,17:44:00,GW,27,68,C,428.38,0,0,0,"E,H",,,,NA,12.84,2.03,18.15,,zone.2,2
2.4,2018-11-20,20:03:00,GW,27.2,63,C,430.44,0,0,2,"E,H",2-Feb,,,4.6,13.14,2,17.75,,zone.2,3
2.4,2018-11-25,15:19:00,GW,26.7,68,C,427.81,0,0,1,"E,H,P",1-Jan,,,NA,8.9,2,17.2,,zone.2,4
2.4,2018-11-28,21:22:00,GW,26.6,68,C,429.63,0,0,0,"E,H,P",,,,NA,9.9,2.04,17.81,,zone.2,5
2.4,2018-12-01,13:30:00,JH,26.8,71,"A,C",433.92,0,0,1,"E,H,P",1-Jan,,,4.07,16.66,2.02,20.53,,zone.2,6
2.4,2018-12-06,14:15:00,JH,26.7,64,"A,L",427.56,2,2,0,"E,H,P",,2-Feb,Yes,NA,8.04,1.96,19.16,,zone.2,7
2.4,2018-12-09,14:28:00,GW,26.9,69,"A,C",430.85,1,1,1,"E,H,P",1-Jan,1-Jan,Yes,NA,11.35,1.96,17.49,,zone.2,8
2.4,2018-12-12,19:48:00,GW,25.6,67,C,432.5,4,4,1,"E,H,P",1-Jan,4-Apr,Yes,3.61,10.66,2.03,17.28,,zone.2,9
2.4,2018-12-15,20:29:00,GW,25.8,64,C,430.27,2,2,2,"E,H,P",2-Feb,2-Feb,Yes,NA,11.84,2.02,17.17,,zone.2,10
2.4,2018-12-18,16:50:00,GW,25.2,62,C,432.49,0,0,0,"E,H,P",,,,NA,11.64,1.98,16.73,,zone.2,11
2.4,2018-12-21,14:30:00,GW,25.1,64,C,433.88,0,0,0,"E,H,P",,,,5.79,11.54,2.03,17.61,,zone.2,12
2.4,2018-12-26,10:30:00,JH,26.2,68,C,429.66,0,0,1,"E,H,P",1-Jan,,,NA,10.85,2.01,18.64,,zone.2,13
2.4,2018-12-30,18:47:00,GW,26.7,67,C,431.27,0,0,1,"E,H,P",1-Jan,,,NA,11.85,1.97,17.56,,zone.2,14
2.4,2019-01-03,15:58:00,GW,24.9,66,"C,F",432.54,2,2,0,"E,H,P",,2-Feb,Yes,4.31,10.93,2.04,17.28,,zone.2,15
2.4,2019-01-06,15:55:00,GW,25.3,61,C,430.39,0,0,0,"E,H,P",,,,NA,11.49,1.96,17.23,,zone.2,16
2.4,2019-01-09,13:26:00,GW,24.8,62,C,432.36,0,0,1,"E,H,P",1-Jan,,,NA,12.34,1.99,17.7,,zone.2,17
2.5,2018-11-13,21:02:00,GW,27.4,72,C,437.6,0,0,1,"E,H",1-Jan,,,NA,20.03,2.03,17.26,,zone.2,1
2.5,2018-11-16,17:49:00,GW,27.1,69,C,439.49,0,0,3,"E,H",3-Mar,,,NA,14.25,1.98,19.16,,zone.2,2
2.5,2018-11-20,20:11:00,GW,27.3,65,C,441.67,0,0,2,"E,H",2-Feb,,,4.79,13.34,2.03,17.35,,zone.2,3
2.5,2018-11-25,15:24:00,GW,26.7,69,C,438.73,0,0,1,"E,H,P",1-Jan,,,NA,9.75,2.03,17.42,,zone.2,4
2.5,2018-11-28,21:26:00,GW,26.6,69,C,440.44,0,0,0,"E,H,P",,,,NA,11.17,2,17.57,,zone.2,5
2.5,2018-12-01,13:30:00,JH,26.8,71,"A,C",445.42,0,0,0,"E,H,P",,,,4.58,14.65,2.1,21.11,,zone.2,6
2.5,2018-12-06,14:20:00,JH,26.8,65,A,438.87,0,0,0,"E,H,(P?)",,,,NA,7.87,2.05,19.54,Divider stuck to brood clump.,zone.2,7
2.5,2018-12-09,14:35:00,GW,27,70,C,442.23,2,2,1,"E,H,P",1-Jan,2-Feb,Yes,NA,11.42,2.01,17,,zone.2,8
2.5,2018-12-12,20:00:00,GW,25.7,69,?,444,0,0,0,"E,H,P",,,,3.1,8.28,2.01,17.05,,zone.2,9
2.5,2018-12-15,20:37:00,GW,25.8,65,"A,C",443.2,1,1,0,"E,H,P",,,,NA,8.83,1.96,17.42,,zone.2,10
2.5,2018-12-18,16:52:00,GW,25.2,62,A,444.53,0,0,0,"E,H,P",,,,NA,10.18,1.96,17.16,,zone.2,11
2.5,2018-12-21,14:36:00,GW,25.1,64,C,446.03,0,0,1,"E,H,P",1-Jan,,,4.55,10.13,1.98,17.03,,zone.2,12
2.5,2018-12-26,10:30:00,JH,26.2,69,"A,C",441.74,2,2,1,"E,H,P",1-Jan,,,NA,7.69,2.01,18.9,,zone.2,13
2.5,2018-12-30,18:53:00,GW,26.7,67,C,443.11,7,7,1,"E,P",1-Jan,,,NA,7.93,2.03,17.66,1 drone was dead.,zone.2,14
2.5,2019-01-03,16:06:00,GW,25,67,C,443.9,2,2,1,"E,H,P",,2-Feb,Yes,3.84,11.42,1.96,17.41,1 drone was dead.,zone.2,15
2.5,2019-01-06,15:58:00,GW,25.3,61,C,441.45,0,0,1,"E,H,P",1-Jan,,,NA,13.77,1.97,17.89,,zone.2,16
2.5,2019-01-09,13:30:00,GW,24.9,62,"A,C",443.93,1,1,2,"E,H,P",2-Feb,1-Jan,Yes,NA,13.16,2.01,17.44,,zone.2,17
2.6,2018-11-13,21:02:00,GW,NA,NA,,429.51,0,0,0,,,,,NA,18.11,2.01,17.94,,zone.2,1
2.6,2018-11-16,17:49:00,GW,NA,NA,,431.46,0,0,1,,1-Jan,,,NA,12.55,1.99,19.47,,zone.2,2
2.6,2018-11-20,20:11:00,GW,NA,NA,,432.79,0,0,3,,3-Mar,,,3.81,13.14,2,17.27,,zone.2,3
2.6,2018-11-25,15:24:00,GW,NA,NA,,431.18,0,0,0,,,,,NA,8.6,2,17.3,,zone.2,4
2.6,2018-11-28,21:26:00,GW,NA,NA,,433.23,0,0,0,,,,,NA,10.71,1.97,17.11,,zone.2,5
2.6,2018-12-01,13:30:00,JH,NA,NA,,434.97,1,1,1,,1-Jan,1-Jan,,4.94,12.1,2.05,18.97,,zone.2,6
2.6,2018-12-06,14:20:00,JH,NA,NA,,431.39,1,1,0,,,1-Jan,,NA,8.6,1.96,19.04,,zone.2,7
2.6,2018-12-09,14:35:00,GW,NA,NA,,433.53,1,1,1,,1-Jan,1-Jan,,NA,13.47,1.95,17.19,,zone.2,8
2.6,2018-12-12,20:00:00,GW,NA,NA,,435.14,0,0,1,,1-Jan,,,3.8,11.96,2.02,17.36,,zone.2,9
2.6,2018-12-15,20:37:00,GW,NA,NA,,432.99,0,0,2,,2-Feb,,,NA,12.74,1.96,17.48,,zone.2,10
2.6,2018-12-18,16:52:00,GW,NA,NA,,434.98,2,2,2,,2-Feb,2-Feb,,NA,13.08,2,17.35,,zone.2,11
2.6,2018-12-21,14:36:00,GW,NA,NA,,437.13,0,0,0,,,,,5.4,11.03,1.99,17.57,,zone.2,12
2.6,2018-12-26,10:30:00,JH,NA,NA,,433.27,1,1,0,,,0/1,,NA,8.25,2.06,18.24,,zone.2,13
2.6,2018-12-30,18:53:00,GW,NA,NA,,435.8,3,2,0,,,3-Mar,,NA,8.1,2,18.1,,zone.2,14
2.6,2019-01-03,16:06:00,GW,NA,NA,,438.01,0,0,0,,,,,3.03,10.15,1.96,17.49,,zone.2,15
2.6,2019-01-06,15:58:00,GW,NA,NA,,436.2,0,0,0,,,,,NA,12.42,1.99,17.86,,zone.2,16
2.6,2019-01-09,13:30:00,GW,NA,NA,,437.88,5,5,0,,,5-May,,NA,12.04,1.99,17.09,,zone.2,17
2.7,2018-11-13,21:02:00,GW,NA,NA,,NA,NA,NA,NA,,,,,NA,NA,NA,NA,,zone.2,1
2.7,2018-11-16,17:49:00,GW,NA,NA,,NA,NA,NA,NA,,,,,NA,NA,NA,NA,,zone.2,2
2.7,2018-11-20,20:11:00,GW,NA,NA,,NA,NA,NA,NA,,,,,NA,NA,NA,NA,,zone.2,3
2.7,2018-11-25,15:24:00,GW,NA,NA,,NA,NA,NA,NA,,,,,NA,NA,NA,NA,,zone.2,4
2.7,2018-11-28,21:26:00,GW,NA,NA,,NA,NA,NA,NA,,,,,NA,NA,NA,NA,,zone.2,5
2.7,2018-12-01,13:30:00,JH,NA,NA,,NA,NA,NA,NA,,,,,NA,NA,NA,NA,,zone.2,6
2.7,2018-12-06,14:20:00,JH,NA,NA,,NA,NA,NA,NA,,,,,NA,NA,NA,NA,,zone.2,7
2.7,2018-12-09,14:35:00,GW,NA,NA,,NA,NA,NA,NA,,,,,NA,NA,NA,NA,,zone.2,8
2.7,2018-12-12,20:00:00,GW,NA,NA,,NA,NA,NA,NA,,,,,NA,NA,NA,NA,,zone.2,9
2.7,2018-12-15,20:37:00,GW,NA,NA,,NA,NA,NA,NA,,,,,NA,NA,NA,NA,,zone.2,10
2.7,2018-12-18,16:52:00,GW,NA,NA,,NA,NA,NA,NA,,,,,NA,NA,NA,NA,,zone.2,11
2.7,2018-12-21,14:36:00,GW,NA,NA,,NA,NA,NA,NA,,,,,NA,NA,NA,NA,,zone.2,12
2.7,2018-12-26,10:30:00,JH,NA,NA,,NA,NA,NA,NA,,,,,NA,NA,NA,NA,,zone.2,13
2.7,2018-12-30,18:53:00,GW,NA,NA,,NA,NA,NA,NA,,,,,NA,NA,NA,NA,,zone.2,14
2.7,2019-01-03,16:06:00,GW,NA,NA,,NA,NA,NA,NA,,,,,NA,NA,NA,NA,,zone.2,15
2.7,2019-01-06,15:58:00,GW,NA,NA,,NA,NA,NA,NA,,,,,NA,NA,NA,NA,,zone.2,16
2.7,2019-01-09,13:30:00,GW,NA,NA,,NA,NA,NA,NA,,,,,NA,NA,NA,NA,,zone.2,17
3.1,2018-11-13,21:02:00,GW,NA,NA,,428.21,0,0,0,,,,,NA,6.4,0.99,14.2,,zone.3,1
3.1,2018-11-16,17:49:00,GW,NA,NA,,429.28,0,0,0,,,,,NA,8.2,1.01,15.16,,zone.3,2
3.1,2018-11-20,20:11:00,GW,NA,NA,,429.68,0,0,2,,2-Feb,,,2.87,9.42,0.98,13.98,,zone.3,3
3.1,2018-11-25,15:24:00,GW,NA,NA,,427,0,0,2,,2-Feb,,,NA,8.37,3.91,26.14,,zone.3,4
3.1,2018-11-28,21:26:00,GW,NA,NA,,431.14,0,0,1,,1-Jan,,,NA,20.38,3.89,25.41,,zone.3,5
3.1,2018-12-01,13:30:00,JH,NA,NA,,434.81,0,0,0,,,,,7.96,17.1,3.86,24.82,,zone.3,6
3.1,2018-12-06,14:20:00,JH,NA,NA,,429.99,2,2,1,,1-Jan,2-Feb,,NA,19.18,1.05,14.64,,zone.3,7
3.1,2018-12-09,14:35:00,GW,NA,NA,,431.42,0,0,1,,1-Jan,,,NA,9.15,1.01,13.74,,zone.3,8
3.1,2018-12-12,20:00:00,GW,NA,NA,,432.12,0,0,1,,1-Jan,,,4.4,8.45,0.97,13.64,,zone.3,9
3.1,2018-12-15,20:37:00,GW,NA,NA,,428.52,1,1,1,,1-Jan,1-Jan,,NA,7.94,1.01,13.77,,zone.3,10
3.1,2018-12-18,16:52:00,GW,NA,NA,,429.25,0,0,0,,,,,NA,7.89,3.93,25.1,,zone.3,11
3.1,2018-12-21,14:36:00,GW,NA,NA,,434.8,0,0,0,,,,,4.88,6.04,3.88,26.27,,zone.3,12
3.1,2018-12-26,10:30:00,JH,NA,NA,,434.25,2,2,0,,,,,NA,15.2,3.83,26.6,,zone.3,13
3.1,2018-12-30,18:53:00,GW,NA,NA,,437.11,6,4,2,,2-Feb,6-May,,NA,18.6,1.04,13.87,,zone.3,14
3.1,2019-01-03,16:06:00,GW,NA,NA,,436.68,2,2,1,,1-Jan,2-Feb,,6.81,7.99,1.03,13.96,,zone.3,15
3.1,2019-01-06,15:58:00,GW,NA,NA,,431,0,0,2,,2-Feb,,,NA,8.53,1.04,14.04,,zone.3,16
3.1,2019-01-09,13:30:00,GW,NA,NA,,431.86,0,0,1,,1-Jan,,,NA,7.56,0.98,15.19,,zone.3,17
3.2,2018-11-13,21:02:00,GW,NA,NA,,434.87,0,0,3,,3-Mar,,,NA,21.09,1.03,13.98,,zone.3,1
3.2,2018-11-16,17:49:00,GW,NA,NA,,435.95,0,0,0,,,,,NA,0.85,1.05,17.07,,zone.3,2
3.2,2018-11-20,20:11:00,GW,NA,NA,,437.23,0,0,1,,1-Jan,,,2.94,0.49,0.97,14.03,,zone.3,3
3.2,2018-11-25,15:24:00,GW,NA,NA,,434.84,0,0,2,,2-Feb,,,NA,0.47,3.93,25.63,,zone.3,4
3.2,2018-11-28,21:26:00,GW,NA,NA,,439.27,0,0,1,,1-Jan,,,NA,19.98,3.95,25.71,,zone.3,5
3.2,2018-12-01,13:30:00,JH,NA,NA,,442.98,0,0,2,,2-Feb,,,8.58,18.97,3.88,24.36,,zone.3,6
3.2,2018-12-06,14:20:00,JH,NA,NA,,438.43,2,2,0,,,2-Feb,,NA,17.67,1.04,14.74,,zone.3,7
3.2,2018-12-09,14:35:00,GW,NA,NA,,439.33,0,0,0,,,,,NA,9.11,1.01,13.4,,zone.3,8
3.2,2018-12-12,20:00:00,GW,NA,NA,,440.42,0,0,1,,1-Jan,,,4.37,8.25,1,13.47,,zone.3,9
3.2,2018-12-15,20:37:00,GW,NA,NA,,437,0,0,2,,2-Feb,,,NA,8.74,1.02,13.68,,zone.3,10
3.2,2018-12-18,16:52:00,GW,NA,NA,,437.99,0,0,1,,1-Jan,,,NA,8.88,3.9,25.59,,zone.3,11
3.2,2018-12-21,14:36:00,GW,NA,NA,,442.17,0,0,0,,,,,5.11,18.95,3.89,26.26,,zone.3,12
3.2,2018-12-26,10:30:00,JH,NA,NA,,441.35,1,1,0,,,,,NA,15.51,3.98,25.92,,zone.3,13
3.2,2018-12-30,18:53:00,GW,NA,NA,,445.69,5,4,0,,,5-May,,NA,15.44,1.01,14.06,,zone.3,14
3.2,2019-01-03,16:06:00,GW,NA,NA,,444.46,1,1,0,,,1-Jan,,3.52,7.95,0.96,13.77,,zone.3,15
3.2,2019-01-06,15:58:00,GW,NA,NA,,442.11,0,0,0,,,,,NA,8.42,0.95,13.87,,zone.3,16
3.2,2019-01-09,13:30:00,GW,NA,NA,,443.53,0,0,0,,,,,NA,8.21,0.99,15.41,,zone.3,17
3.3,2018-11-13,21:02:00,GW,NA,NA,,424.16,0,0,3,,3-Mar,,,NA,20.99,1.02,14,,zone.3,1
3.3,2018-11-16,17:49:00,GW,NA,NA,,425.63,0,0,0,,,,,NA,8.96,1.01,15.25,,zone.3,2
3.3,2018-11-20,20:11:00,GW,NA,NA,,426.07,0,0,0,,,,,3.11,8.61,0.98,13.66,,zone.3,3
3.3,2018-11-25,15:24:00,GW,NA,NA,,423.76,0,0,1,,1-Jan,,,NA,7.77,3.88,26.51,,zone.3,4
3.3,2018-11-28,21:26:00,GW,NA,NA,,428.2,0,0,1,,1-Jan,,,NA,20.9,3.92,24.25,,zone.3,5
3.3,2018-12-01,13:30:00,JH,NA,NA,,432.35,0,0,1,,1-Jan,,,8.52,15.89,3.9,24.22,,zone.3,6
3.3,2018-12-06,14:20:00,JH,NA,NA,,428.15,0,0,0,,,,,NA,16.88,0.99,14.66,,zone.3,7
3.3,2018-12-09,14:35:00,GW,NA,NA,,428.69,0,0,0,,,,,NA,8.34,1,13.51,,zone.3,8
3.3,2018-12-12,20:00:00,GW,NA,NA,,429.27,0,0,0,,,,,5.31,7.69,1.03,13.38,,zone.3,9
3.3,2018-12-15,20:37:00,GW,NA,NA,,425.06,0,0,0,,,,,NA,7.75,0.97,14.05,,zone.3,10
3.3,2018-12-18,16:52:00,GW,NA,NA,,426.4,0,0,0,,,,,NA,8.22,3.93,25.85,,zone.3,11
3.3,2018-12-21,14:36:00,GW,NA,NA,,430.62,1,1,0,,,1-Jan,,5.52,18.72,3.87,25.82,,zone.3,12
3.3,2018-12-26,10:30:00,JH,NA,NA,,428.38,0,0,1,,1-Jan,,,NA,18.38,3.86,25.05,,zone.3,13
3.3,2018-12-30,18:53:00,GW,NA,NA,,431.7,0,0,1,,1-Jan,,,NA,19.74,0.99,13.9,,zone.3,14
3.3,2019-01-03,16:06:00,GW,NA,NA,,432.18,2,2,1,,1-Jan,2-Feb,,7.95,8.67,1.04,13.86,,zone.3,15
3.3,2019-01-06,15:58:00,GW,NA,NA,,425.34,0,0,2,,2-Feb,,,NA,9.55,0.99,14.2,,zone.3,16
3.3,2019-01-09,13:30:00,GW,NA,NA,,425.95,0,0,2,,2-Feb,,,NA,11.15,0.97,14.43,,zone.3,17
3.4,2018-11-13,21:02:00,GW,NA,NA,,436.4,0,0,0,,,,,NA,16.28,1.05,13.71,,zone.3,1
3.4,2018-11-16,17:49:00,GW,NA,NA,,436.96,0,0,0,,,,,NA,7.73,1.03,14.12,,zone.3,2
3.4,2018-11-20,20:11:00,GW,NA,NA,,436.37,0,0,0,,,,,0.65,6.44,1,14.07,,zone.3,3
3.4,2018-11-25,15:24:00,GW,NA,NA,,436.04,0,0,1,,1-Jan,,,NA,7.1,3.85,26.85,,zone.3,4
3.4,2018-11-28,21:26:00,GW,NA,NA,,442.44,6,6,1,,1-Jan,6-Jun,,NA,16.02,3.92,25.66,,zone.3,5
3.4,2018-12-01,13:30:00,JH,NA,NA,,447.73,1,1,0,,,,,5.71,9.76,0.94,23.95,,zone.3,6
3.4,2018-12-06,14:20:00,JH,NA,NA,,444.8,0,0,0,,,,,NA,14.26,1.05,14,,zone.3,7
3.4,2018-12-09,14:35:00,GW,NA,NA,,443.58,0,0,0,,,,,NA,8.21,1.03,13.61,,zone.3,8
3.4,2018-12-12,20:00:00,GW,NA,NA,,443.4,0,0,0,,,,,2.01,7.55,0.96,13.92,,zone.3,9
3.4,2018-12-15,20:37:00,GW,NA,NA,,441.71,0,0,0,,,,,NA,6.95,1.03,13.69,,zone.3,10
3.4,2018-12-18,16:52:00,GW,NA,NA,,442.19,7,7,1,,1-Jan,7-Jul,,NA,7.2,3.89,26.32,,zone.3,11
3.4,2018-12-21,14:36:00,GW,NA,NA,,446.34,9,9,0,,,9-Sep,,3.93,15.65,3.86,25.87,,zone.3,12
3.4,2018-12-26,10:30:00,JH,NA,NA,,444.15,1,1,1,,1-Jan,,,NA,14.47,3.95,25.94,,zone.3,13
3.4,2018-12-30,18:53:00,GW,NA,NA,,447.33,2,1,1,,1-Jan,2-Feb,,NA,16.93,1.01,14.32,,zone.3,14
3.4,2019-01-03,16:06:00,GW,NA,NA,,446.29,1,1,1,,1-Jan,1-Jan,,7.4,8.24,1.01,13.75,,zone.3,15
3.4,2019-01-06,15:58:00,GW,NA,NA,,439.78,0,0,2,,2-Feb,,,NA,8.23,0.97,14.2,,zone.3,16
3.4,2019-01-09,13:30:00,GW,NA,NA,,440.43,0,0,0,,,,,NA,8.18,1.02,14.52,,zone.3,17
3.5,2018-11-13,21:02:00,GW,NA,NA,,425.52,0,0,1,,1-Jan,,,NA,20.1,1.05,13.6,,zone.3,1
3.5,2018-11-16,17:49:00,GW,NA,NA,,426.78,0,0,0,,,,,NA,9.31,0.98,16.07,,zone.3,2
3.5,2018-11-20,20:11:00,GW,NA,NA,,427.45,0,0,3,,3-Mar,,,3,11.82,1.03,13.81,,zone.3,3
3.5,2018-11-25,15:24:00,GW,NA,NA,,425.21,0,0,0,,,,,NA,8.05,3.94,25.54,,zone.3,4
3.5,2018-11-28,21:26:00,GW,NA,NA,,429.79,0,0,0,,,,,NA,19.94,3.87,25.11,,zone.3,5
3.5,2018-12-01,13:30:00,JH,NA,NA,,433.17,0,0,0,,,,,8.56,18.82,3.96,24.3,,zone.3,6
3.5,2018-12-06,14:20:00,JH,NA,NA,,428.3,0,0,0,,,,,NA,20.67,1.06,14.65,,zone.3,7
3.5,2018-12-09,14:35:00,GW,NA,NA,,429.59,2,2,2,,2-Feb,2-Feb,,NA,11.51,1.01,13.68,,zone.3,8
3.5,2018-12-12,20:00:00,GW,NA,NA,,430.66,0,0,0,,,,,5.97,8.56,1,14.17,,zone.3,9
3.5,2018-12-15,20:37:00,GW,NA,NA,,425.75,0,0,0,,,,,NA,8.92,1.04,13.68,,zone.3,10
3.5,2018-12-18,16:52:00,GW,NA,NA,,426.8,0,0,1,,1-Jan,,,NA,8.96,3.92,26.48,,zone.3,11
3.5,2018-12-21,14:36:00,GW,NA,NA,,430.56,0,0,0,,,,,5.2,20.94,3.89,25.58,,zone.3,12
3.5,2018-12-26,10:30:00,JH,NA,NA,,429.23,0,0,0,,,,,NA,18.58,3.9,26.58,,zone.3,13
3.5,2018-12-30,18:53:00,GW,NA,NA,,432.6,0,0,1,,1-Jan,,,NA,21.55,1.05,14.01,,zone.3,14
3.5,2019-01-03,16:06:00,GW,NA,NA,,433.35,1,1,2,,2-Feb,,,7.96,13.79,1.03,13.93,,zone.3,15
3.5,2019-01-06,15:58:00,GW,NA,NA,,426.67,0,0,1,,1-Jan,1-Jan,,NA,8.2,1.05,14.42,,zone.3,16
3.5,2019-01-09,13:30:00,GW,NA,NA,,427.43,0,0,0,,,,,NA,8.46,1.01,14.08,,zone.3,17
3.6,2018-11-13,21:02:00,GW,NA,NA,,431.37,0,0,2,,2-Feb,,,NA,18.58,1,13.85,,zone.3,1
3.6,2018-11-16,17:49:00,GW,NA,NA,,432.64,0,0,0,,,,,NA,8.05,1.02,15.88,,zone.3,2
3.6,2018-11-20,20:11:00,GW,NA,NA,,433.82,0,0,1,,1-Jan,,,2.15,8.78,0.96,14.01,,zone.3,3
3.6,2018-11-25,15:24:00,GW,NA,NA,,431.63,0,0,2,,2-Feb,,,NA,8.04,3.9,25.75,,zone.3,4
3.6,2018-11-28,21:26:00,GW,NA,NA,,436.27,0,0,1,,1-Jan,,,NA,18.8,3.92,25.42,,zone.3,5
3.6,2018-12-01,13:30:00,JH,NA,NA,,439.94,0,0,2,,2-Feb,,,8.07,17.57,3.86,24.12,,zone.3,6
3.6,2018-12-06,14:20:00,JH,NA,NA,,436.45,3,3,0,,,3-Mar,,NA,14.86,1.05,14.27,,zone.3,7
3.6,2018-12-09,14:35:00,GW,NA,NA,,436.65,1,1,0,,,1-Jan,,NA,8.63,0.96,13.34,,zone.3,8
3.6,2018-12-12,20:00:00,GW,NA,NA,,437.1,0,0,1,,1-Jan,,,5.02,8.08,1.02,14,,zone.3,9
3.6,2018-12-15,20:37:00,GW,NA,NA,,433.37,0,0,0,,,,,NA,7.97,1.01,13.97,,zone.3,10
3.6,2018-12-18,16:52:00,GW,NA,NA,,434.51,0,0,0,,,,,NA,8.13,3.93,25.81,,zone.3,11
3.6,2018-12-21,14:36:00,GW,NA,NA,,438.85,0,0,0,,,,,5.33,18.9,3.9,26.2,,zone.3,12
3.6,2018-12-26,10:30:00,JH,NA,NA,,436.51,2,2,0,,,,,NA,19,3.96,26,,zone.3,13
3.6,2018-12-30,18:53:00,GW,NA,NA,,440.24,5,3,3,,3-Mar,5-May,,NA,19.89,0.97,14.29,,zone.3,14
3.6,2019-01-03,16:06:00,GW,NA,NA,,439.57,0,0,0,,,,,6.95,7.96,1.04,14.01,,zone.3,15
3.6,2019-01-06,15:58:00,GW,NA,NA,,433.75,0,0,0,,,,,NA,7.89,0.96,13.87,,zone.3,16
3.6,2019-01-09,13:30:00,GW,NA,NA,,434.65,0,0,0,,,,,NA,7.35,1.03,14.52,,zone.3,17
3.7,2018-11-13,21:02:00,GW,NA,NA,,431.01,0,0,0,,,,,NA,9.06,1.04,14.6,,zone.3,1
3.7,2018-11-16,17:49:00,GW,NA,NA,,432.05,0,0,0,,,,,NA,9.21,1.04,14.97,,zone.3,2
3.7,2018-11-20,20:11:00,GW,NA,NA,,432.36,0,0,0,,,,,2.46,8.23,1.01,14.13,,zone.3,3
3.7,2018-11-25,15:24:00,GW,NA,NA,,430.67,0,0,1,,1-Jan,,,NA,8.05,3.89,25.79,,zone.3,4
3.7,2018-11-28,21:26:00,GW,NA,NA,,435.31,0,0,1,,1-Jan,,,NA,18.83,3.88,25.43,,zone.3,5
3.7,2018-12-01,13:30:00,JH,NA,NA,,439.22,0,0,0,,,,,7.77,13.52,3.97,24.7,,zone.3,6
3.7,2018-12-06,14:20:00,JH,NA,NA,,436.08,0,0,0,,,,,NA,14.15,1,13.66,,zone.3,7
3.7,2018-12-09,14:35:00,GW,NA,NA,,435.57,2,2,1,,1-Jan,2-Feb,,NA,8.31,1.03,13.42,Drone mating with dominant worker,zone.3,8
3.7,2018-12-12,20:00:00,GW,NA,NA,,436.32,1,1,1,,1-Jan,,,4.68,7.91,0.97,13.95,,zone.3,9
3.7,2018-12-15,20:37:00,GW,NA,NA,,431.81,0,0,2,,2-Feb,,,NA,8.38,0.98,13.75,,zone.3,10
3.7,2018-12-18,16:52:00,GW,NA,NA,,432.81,1,1,1,,1-Jan,1-Jan,,NA,7.63,3.9,25.75,,zone.3,11
3.7,2018-12-21,14:36:00,GW,NA,NA,,438.21,0,0,0,,,,,5.3,8.03,3.92,26.48,,zone.3,12
3.7,2018-12-26,10:30:00,JH,NA,NA,,435.9,0,0,3,,3-Mar,,,NA,19.24,3.89,25.63,,zone.3,13
3.7,2018-12-30,18:53:00,GW,NA,NA,,438.77,1,1,1,,1-Jan,1-Jan,,NA,19.9,1.03,14.07,,zone.3,14
3.7,2019-01-03,16:06:00,GW,NA,NA,,438.94,0,0,0,,,,,7.34,NA,1.01,14.1,,zone.3,15
3.7,2019-01-06,15:58:00,GW,NA,NA,,433.35,0,0,2,,2-Feb,,,NA,9.32,0.98,13.93,,zone.3,16
3.7,2019-01-09,13:30:00,GW,NA,NA,,433.41,0,0,1,,1-Jan,,,NA,9.84,1,14.41,,zone.3,17
4.1,2018-11-13,21:02:00,GW,NA,NA,,429.23,0,0,1,,1-Jan,,,NA,20.81,0.78,11.54,,zone.4,1
4.1,2018-11-16,17:49:00,GW,NA,NA,,429.66,0,0,1,,1-Jan,,,NA,8.29,0.76,12.93,,zone.4,2
4.1,2018-11-20,20:11:00,GW,NA,NA,,430.33,0,0,1,,1-Jan,,,2.25,7.58,0.71,11.51,,zone.4,3
4.1,2018-11-25,15:24:00,GW,NA,NA,,428.45,0,0,0,,,,,NA,6.47,1.61,20.37,,zone.4,4
4.1,2018-11-28,21:26:00,GW,NA,NA,,430.3,0,0,3,,3-Mar,,,NA,15.45,1.58,19.07,,zone.4,5
4.1,2018-12-01,13:30:00,JH,NA,NA,,432.1,0,0,0,,,,,2.65,9.07,1.64,18.92,,zone.4,6
4.1,2018-12-06,14:20:00,JH,NA,NA,,430.96,1,1,0,,,1-Jan,,NA,NA,0.72,11.69,,zone.4,7
4.1,2018-12-09,14:35:00,GW,NA,NA,,430.99,4,4,0,,,4-Apr,,NA,6.97,0.73,11.26,,zone.4,8
4.1,2018-12-12,20:00:00,GW,NA,NA,,431.09,1,1,1,,1-Jan,1-Jan,,2.65,7.28,0.76,11.02,,zone.4,9
4.1,2018-12-15,20:37:00,GW,NA,NA,,429.1,2,2,0,,,2-Feb,,NA,7.75,0.71,11.36,,zone.4,10
4.1,2018-12-18,16:52:00,GW,NA,NA,,426.65,2,2,1,,1-Jan,2-Feb,,NA,6.64,1.59,20.04,,zone.4,11
4.1,2018-12-21,14:36:00,GW,NA,NA,,431.22,0,0,1,,1-Jan,,,2.71,15.53,1.57,20.85,,zone.4,12
4.1,2018-12-26,10:30:00,JH,NA,NA,,430.51,0,0,2,,2-Feb,,,NA,14.08,1.57,20.08,,zone.4,13
4.1,2018-12-30,18:53:00,GW,NA,NA,,432.58,0,0,0,,,,,NA,12.69,0.72,11.58,,zone.4,14
4.1,2019-01-03,16:06:00,GW,NA,NA,,431.89,0,0,0,,,,,2.17,7.73,0.73,11.65,,zone.4,15
4.1,2019-01-06,15:58:00,GW,NA,NA,,430.21,0,0,1,,1-Jan,,,NA,8.35,0.73,11.11,,zone.4,16
4.1,2019-01-09,13:30:00,GW,NA,NA,,430.82,0,0,1,,1-Jan,,,NA,8.34,0.78,11.99,,zone.4,17
4.2,2018-11-13,21:02:00,GW,NA,NA,,420.5,0,0,0,,,,,NA,16.7,0.71,11.58,,zone.4,1
4.2,2018-11-16,17:49:00,GW,NA,NA,,420.75,0,0,0,,,,,NA,8.1,0.77,12.14,,zone.4,2
4.2,2018-11-20,20:11:00,GW,NA,NA,,421.01,0,0,0,,,,,1.7,7.69,0.76,11.37,,zone.4,3
4.2,2018-11-25,15:24:00,GW,NA,NA,,419.61,0,0,1,,1-Jan,,,NA,7.3,1.62,19.68,,zone.4,4
4.2,2018-11-28,21:26:00,GW,NA,NA,,421.98,0,0,1,,1-Jan,,,NA,12.85,1.62,19.35,,zone.4,5
4.2,2018-12-01,13:30:00,JH,NA,NA,,423.39,1,1,0,,,1-Jan,,3.16,10.14,1.61,18.84,,zone.4,6
4.2,2018-12-06,14:20:00,JH,NA,NA,,421.79,0,0,0,,,,,NA,11.8,0.75,12.56,,zone.4,7
4.2,2018-12-09,14:35:00,GW,NA,NA,,422.17,1,1,0,,,1-Jan,,NA,8.13,0.71,11.01,,zone.4,8
4.2,2018-12-12,20:00:00,GW,NA,NA,,422.37,2,2,0,,,2-Feb,,2.3,6.84,0.76,11.31,,zone.4,9
4.2,2018-12-15,20:37:00,GW,NA,NA,,420.34,0,0,0,,,,,NA,7.21,0.8,11.05,,zone.4,10
4.2,2018-12-18,16:52:00,GW,NA,NA,,421.4,0,0,0,,,,,NA,6.5,1.62,19.9,,zone.4,11
4.2,2018-12-21,14:36:00,GW,NA,NA,,423.16,0,0,0,,,,,2.78,15.05,1.59,20.06,,zone.4,12
4.2,2018-12-26,10:30:00,JH,NA,NA,,421.52,0,0,1,,1-Jan,,,NA,15.21,1.55,20.28,,zone.4,13
4.2,2018-12-30,18:53:00,GW,NA,NA,,423.3,1,1,1,,1-Jan,1-Jan,,NA,15.13,0.75,11.6,,zone.4,14
4.2,2019-01-03,16:06:00,GW,NA,NA,,423.41,0,0,0,,,,,2.97,7.71,0.78,11.6,,zone.4,15
4.2,2019-01-06,15:58:00,GW,NA,NA,,421.04,0,0,0,,,,,NA,8.36,0.73,11.37,,zone.4,16
4.2,2019-01-09,13:30:00,GW,NA,NA,,421.25,0,0,1,,1-Jan,,,NA,8.29,0.74,11.67,,zone.4,17
4.3,2018-11-13,21:02:00,GW,NA,NA,,431.46,0,0,1,,1-Jan,,,NA,20.69,0.79,11.29,,zone.4,1
4.3,2018-11-16,17:49:00,GW,NA,NA,,432.21,0,0,1,,1-Jan,,,NA,8.29,0.74,13.01,,zone.4,2
4.3,2018-11-20,20:11:00,GW,NA,NA,,432.63,0,0,0,,,,,1.25,7.18,0.79,11.12,,zone.4,3
4.3,2018-11-25,15:24:00,GW,NA,NA,,431.74,0,0,1,,1-Jan,,,NA,7,1.63,19.45,,zone.4,4
4.3,2018-11-28,21:26:00,GW,NA,NA,,434.43,0,0,2,,2-Feb,,,NA,13.56,1.62,19.54,,zone.4,5
4.3,2018-12-01,13:30:00,JH,NA,NA,,436.03,1,1,0,,,1-Jan,,3.87,10.46,1.65,18.91,,zone.4,6
4.3,2018-12-06,14:20:00,JH,NA,NA,,433.77,4,4,0,,,4-Apr,,NA,10.6,0.79,12.86,,zone.4,7
4.3,2018-12-09,14:35:00,GW,NA,NA,,434.84,1,1,1,,1-Jan,1-Jan,,NA,6.59,0.75,10.75,,zone.4,8
4.3,2018-12-12,20:00:00,GW,NA,NA,,434.38,0,0,2,,2-Feb,,,1.42,7.96,0.72,11.41,,zone.4,9
4.3,2018-12-15,20:37:00,GW,NA,NA,,432.69,0,0,0,,,,,NA,7.68,0.75,11.81,,zone.4,10
4.3,2018-12-18,16:52:00,GW,NA,NA,,433.35,0,0,0,,,,,NA,7.61,1.59,20.01,,zone.4,11
4.3,2018-12-21,14:36:00,GW,NA,NA,,435.92,0,0,0,,,,,2.43,14.22,1.56,20.47,,zone.4,12
4.3,2018-12-26,10:30:00,JH,NA,NA,,434.27,1,1,3,,3-Mar,1-Jan,,NA,14.88,1.56,20.5,,zone.4,13
4.3,2018-12-30,18:53:00,GW,NA,NA,,436.47,5,4,0,,,5-May,,NA,10.31,0.74,11.19,,zone.4,14
4.3,2019-01-03,16:06:00,GW,NA,NA,,434.53,0,0,0,,,,,2.47,7.54,0.72,11.25,,zone.4,15
4.3,2019-01-06,15:58:00,GW,NA,NA,,432.94,0,0,1,,1-Jan,,,NA,7.38,0.77,11.42,,zone.4,16
4.3,2019-01-09,13:30:00,GW,NA,NA,,433.55,0,0,0,,,,,NA,6.89,0.71,11.78,,zone.4,17
4.4,2018-11-13,21:02:00,GW,NA,NA,,422.7,0,0,1,,1-Jan,,,NA,18.87,0.74,1.15,,zone.4,1
4.4,2018-11-16,17:49:00,GW,NA,NA,,422.92,0,0,0,,,,,NA,7.72,0.76,11.28,,zone.4,2
4.4,2018-11-20,20:11:00,GW,NA,NA,,422.75,0,0,0,,,,,2.43,6.99,0.76,11.15,,zone.4,3
4.4,2018-11-25,15:24:00,GW,NA,NA,,420.89,0,0,1,,1-Jan,,,NA,7.52,1.61,19.44,,zone.4,4
4.4,2018-11-28,21:26:00,GW,NA,NA,,423.85,0,0,0,,,,,NA,12.23,1.56,18.97,,zone.4,5
4.4,2018-12-01,13:30:00,JH,NA,NA,,425.58,1,1,1,,1-Jan,1-Jan,,3.07,9.91,0.66,19.17,,zone.4,6
4.4,2018-12-06,14:20:00,JH,NA,NA,,423.69,1,1,0,,,1-Jan,,NA,11.35,0.81,12.5,,zone.4,7
4.4,2018-12-09,14:35:00,GW,NA,NA,,423.73,0,0,1,,1-Jan,,,NA,8.29,0.72,10.99,,zone.4,8
4.4,2018-12-12,20:00:00,GW,NA,NA,,423.81,0,0,0,,,,,2.2,6.96,0.71,10.69,,zone.4,9
4.4,2018-12-15,20:37:00,GW,NA,NA,,422.06,0,0,0,,,,,NA,7.26,0.74,11.44,,zone.4,10
4.4,2018-12-18,16:52:00,GW,NA,NA,,422.69,0,0,1,,1-Jan,,,NA,7.48,1.62,19.7,,zone.4,11
4.4,2018-12-21,14:36:00,GW,NA,NA,,425.36,2,2,1,,1-Jan,2-Feb,,1.83,10.38,1.62,20.56,,zone.4,12
4.4,2018-12-26,10:30:00,JH,NA,NA,,424.07,0,0,3,,3-Mar,,,NA,13.66,1.63,20.08,,zone.4,13
4.4,2018-12-30,18:53:00,GW,NA,NA,,426.4,3,3,1,,1-Jan,3-Mar,,NA,11.4,0.75,11.54,,zone.4,14
4.4,2019-01-03,16:06:00,GW,NA,NA,,424.92,2,2,2,,2-Feb,2-Feb,,2.88,8.06,0.74,11.45,,zone.4,15
4.4,2019-01-06,15:58:00,GW,NA,NA,,422.56,1,1,1,,1-Jan,1-Jan,,NA,7.43,0.77,11.81,,zone.4,16
4.4,2019-01-09,13:30:00,GW,NA,NA,,423.1,1,1,1,,1-Jan,1-Jan,,NA,7.88,0.76,11.84,,zone.4,17
4.5,2018-11-13,21:02:00,GW,NA,NA,,426.32,0,0,2,,2-Feb,,,NA,20.64,0.71,11.2,,zone.4,1
4.5,2018-11-16,17:49:00,GW,NA,NA,,426.95,0,0,1,,1-Jan,,,NA,8.42,0.78,11.73,,zone.4,2
4.5,2018-11-20,20:11:00,GW,NA,NA,,427.44,0,0,2,,2-Feb,,,2.42,7.97,0.77,11.26,,zone.4,3
4.5,2018-11-25,15:24:00,GW,NA,NA,,425.83,0,0,5,,5-May,,,NA,7.8,1.59,19.53,,zone.4,4
4.5,2018-11-28,21:26:00,GW,NA,NA,,427.84,0,0,3,,3-Mar,,,NA,14.23,1.64,18.53,,zone.4,5
4.5,2018-12-01,13:30:00,JH,NA,NA,,429.97,0,0,1,,1-Jan,,,3.49,9.9,1.66,19.16,,zone.4,6
4.5,2018-12-06,14:20:00,JH,NA,NA,,428.38,0,0,1,,1-Jan,,,NA,12.02,0.78,12.17,,zone.4,7
4.5,2018-12-09,14:35:00,GW,NA,NA,,428.5,0,0,1,,1-Jan,,,NA,8.14,0.71,10.73,,zone.4,8
4.5,2018-12-12,20:00:00,GW,NA,NA,,428.82,0,0,0,,,,,2.72,7.79,0.74,10.62,,zone.4,9
4.5,2018-12-15,20:37:00,GW,NA,NA,,426.84,0,0,2,,2-Feb,,,NA,7.51,0.75,11.26,,zone.4,10
4.5,2018-12-18,16:52:00,GW,NA,NA,,427.69,0,0,0,,,,,NA,7.13,1.61,19.92,,zone.4,11
4.5,2018-12-21,14:36:00,GW,NA,NA,,429.96,0,0,0,,,,,2.68,12.28,1.64,20.9,,zone.4,12
4.5,2018-12-26,10:30:00,JH,NA,NA,,429.26,0,0,1,,1-Jan,,,NA,11.03,1.59,20.4,,zone.4,13
4.5,2018-12-30,18:53:00,GW,NA,NA,,431.9,0,0,0,,,,,NA,9.9,0.78,10.85,,zone.4,14
4.5,2019-01-03,16:06:00,GW,NA,NA,,430.37,0,0,0,,,,,2.72,8.27,0.74,11.52,,zone.4,15
4.5,2019-01-06,15:58:00,GW,NA,NA,,428.27,0,0,0,,,,,NA,7.95,0.78,11.42,,zone.4,16
4.5,2019-01-09,13:30:00,GW,NA,NA,,428.87,0,0,1,,1-Jan,,,NA,7.69,0.77,12.02,,zone.4,17
4.6,2018-11-13,21:02:00,GW,NA,NA,,427.86,0,0,1,,1-Jan,,,NA,19.41,0.71,11.55,,zone.4,1
4.6,2018-11-16,17:49:00,GW,NA,NA,,429.1,0,0,2,,2-Feb,,,NA,8.07,0.77,11.97,,zone.4,2
4.6,2018-11-20,20:11:00,GW,NA,NA,,429.26,0,0,3,,3-Mar,,,2.47,6.91,0.73,11.25,,zone.4,3
4.6,2018-11-25,15:24:00,GW,NA,NA,,421.85,0,0,0,,,,,NA,7.54,1.59,19.67,,zone.4,4
4.6,2018-11-28,21:26:00,GW,NA,NA,,430.06,0,0,1,,1-Jan,,,NA,14.76,1.56,19.53,,zone.4,5
4.6,2018-12-01,13:30:00,JH,NA,NA,,431.37,0,0,1,,1-Jan,,,3.49,13.2,1.7,19.21,,zone.4,6
4.6,2018-12-06,14:20:00,JH,NA,NA,,429.19,0,0,2,,2-Feb,,,NA,14.9,0.81,12.42,,zone.4,7
4.6,2018-12-09,14:35:00,GW,NA,NA,,430.42,0,0,1,,1-Jan,,,NA,8.69,0.76,10.68,,zone.4,8
4.6,2018-12-12,20:00:00,GW,NA,NA,,430.76,0,0,1,,1-Jan,,,3.09,7.75,0.76,11.57,,zone.4,9
4.6,2018-12-15,20:37:00,GW,NA,NA,,428.52,0,0,1,,1-Jan,,,NA,8.54,0.76,10.53,,zone.4,10
4.6,2018-12-18,16:52:00,GW,NA,NA,,429.04,0,0,2,,2-Feb,,,NA,7.93,1.6,19.66,,zone.4,11
4.6,2018-12-21,14:36:00,GW,NA,NA,,431.47,0,0,0,,,,,3.03,13.55,1.6,20.22,,zone.4,12
4.6,2018-12-26,10:30:00,JH,NA,NA,,430.13,0,0,0,,,,,NA,12.07,1.65,19.59,,zone.4,13
4.6,2018-12-30,18:53:00,GW,NA,NA,,430.94,0,0,1,,1-Jan,,,NA,15.36,0.77,11.27,,zone.4,14
4.6,2019-01-03,16:06:00,GW,NA,NA,,431.12,0,0,1,,1-Jan,,,3.33,7.67,0.76,11.15,,zone.4,15
4.6,2019-01-06,15:58:00,GW,NA,NA,,428.67,0,0,2,,2-Feb,,,NA,6.98,0.73,10.8,,zone.4,16
4.6,2019-01-09,13:30:00,GW,NA,NA,,429.17,0,0,1,,1-Jan,,,NA,7.56,0.76,11.68,,zone.4,17
4.7,2018-11-13,21:02:00,GW,NA,NA,,423.79,0,0,1,,1-Jan,,,NA,20.85,0.77,11.35,,zone.4,1
4.7,2018-11-16,17:49:00,GW,NA,NA,,424.41,0,0,1,,1-Jan,,,NA,8.55,0.76,12.82,,zone.4,2
4.7,2018-11-20,20:11:00,GW,NA,NA,,424.86,0,0,1,,1-Jan,,,2.19,7.59,0.73,10.74,,zone.4,3
4.7,2018-11-25,15:24:00,GW,NA,NA,,422.74,0,0,1,,1-Jan,,,NA,7.08,0.59,19.5,,zone.4,4
4.7,2018-11-28,21:26:00,GW,NA,NA,,425.18,0,0,1,,1-Jan,,,NA,12.94,1.58,19.07,,zone.4,5
4.7,2018-12-01,13:30:00,JH,NA,NA,,426.6,0,0,0,,,,,3.08,11.16,1.56,19.04,,zone.4,6
4.7,2018-12-06,14:20:00,JH,NA,NA,,425.17,2,2,1,,1-Jan,2-Feb,,NA,11.86,0.74,12.77,,zone.4,7
4.7,2018-12-09,14:35:00,GW,NA,NA,,425.46,0,0,0,,,,,NA,9.42,0.72,10.87,,zone.4,8
4.7,2018-12-12,20:00:00,GW,NA,NA,,425.82,0,0,0,,,,,2.35,7.9,0.76,11.39,,zone.4,9
4.7,2018-12-15,20:37:00,GW,NA,NA,,424.15,0,0,0,,,,,NA,7.79,0.76,11.36,,zone.4,10
4.7,2018-12-18,16:52:00,GW,NA,NA,,424.77,0,0,0,,,,,NA,8.5,1.6,19.64,,zone.4,11
4.7,2018-12-21,14:36:00,GW,NA,NA,,426.8,0,0,2,,2-Feb,,,2.47,14.57,1.6,20.2,,zone.4,12
4.7,2018-12-26,10:30:00,JH,NA,NA,,426.71,0,0,1,,1-Jan,,,NA,9.8,1.68,19.99,,zone.4,13
4.7,2018-12-30,18:53:00,GW,NA,NA,,427.91,0,0,1,,1-Jan,,,NA,11.95,0.73,10.96,,zone.4,14
4.7,2019-01-03,16:06:00,GW,NA,NA,,426.67,3,3,0,,,3-Mar,,1.66,7.43,0.74,11.29,,zone.4,15
4.7,2019-01-06,15:58:00,GW,NA,NA,,425.59,0,0,1,,1-Jan,,,NA,6.89,0.74,11.29,,zone.4,16
4.7,2019-01-09,13:30:00,GW,NA,NA,,425.88,3,3,0,,,3-Mar,,NA,6.92,0.73,12.14,,zone.4,17
